fragment,meaning,placement,gender
Akor,Best ,fn_prefix,F
Alaun,Powerful ,fn_prefix,F
Aly,Legendary ,fn_prefix,F
Ang,Beastly ,fn_prefix,F
Ardul,Divine ,fn_prefix,F
Aun,Deathly ,fn_prefix,F
Bae,Fated ,fn_prefix,F
Bal,Burning ,fn_prefix,F
Bauth,Way ,fn_prefix,F
Belar,Arrow ,fn_prefix,F
Braer,Sick ,fn_prefix,F
Briz,Graceful ,fn_prefix,F
Bur,Sly ,fn_prefix,F
Cel,Ember ,fn_prefix,F
Cez,Careful ,fn_prefix,F
Chal,Earthy ,fn_prefix,F
Char,Sick ,fn_prefix,F
Chas,Void ,fn_prefix,F
Chel,Poison ,fn_prefix,F
Chen,Secret ,fn_prefix,F
Chess,Noble ,fn_prefix,F
Choa,Victorious ,fn_prefix,F
Crin,Superior ,fn_prefix,F
Daen,Amusing ,fn_prefix,F
Dan,Seductive ,fn_prefix,F
Daur,Strange ,fn_prefix,F
Dellyn,Exquisite ,fn_prefix,F
Dhaun,Infested ,fn_prefix,F
Dil,Cold ,fn_prefix,F
Dirz,Dream ,fn_prefix,F
Dosst,Possessed ,fn_prefix,F
Draa,Twofold ,fn_prefix,F
Dris,Ashen ,fn_prefix,F
Driss,Highest ,fn_prefix,F
Dro,Living ,fn_prefix,F
Eclav,Chaos ,fn_prefix,F
Elen,Enduring ,fn_prefix,F
Elv,Magical ,fn_prefix,F
Elvan,Skillful ,fn_prefix,F
Eoul,Fearless ,fn_prefix,F
Erel,Moon ,fn_prefix,F
Ethe,Resolute ,fn_prefix,F
Faer,Oathbound ,fn_prefix,F
Felyn,Pale ,fn_prefix,F
Filf,Treacherous ,fn_prefix,F
G'eld,Ominous ,fn_prefix,F
Gauss,Dread ,fn_prefix,F
Ghuan,Accursed ,fn_prefix,F
Gin,Berserk ,fn_prefix,F
Grey,Spectral ,fn_prefix,F
Hael,Determined ,fn_prefix,F
Hal,Deft ,fn_prefix,F
Har,First ,fn_prefix,F
Hor,Strong ,fn_prefix,F
Houn,Spellbound ,fn_prefix,F
Iim,Spirited ,fn_prefix,F
Iiv,Baleful ,fn_prefix,F
Il,Greedy ,fn_prefix,F
Ilin,Obsessed ,fn_prefix,F
Illiam,Devoted ,fn_prefix,F
Ilph,Emerald ,fn_prefix,F
In,Hidden ,fn_prefix,F
Irae,Mystical ,fn_prefix,F
Iym,Endless ,fn_prefix,F
Izil,Intricate ,fn_prefix,F
Jan,Warded ,fn_prefix,F
Jhael,Ambitious ,fn_prefix,F
Jhin,Patient ,fn_prefix,F
Jhul,Charmed ,fn_prefix,F
Jyl,Golden ,fn_prefix,F
Jys,Relentless ,fn_prefix,F
Kar,Teeming ,fn_prefix,F
Kha,Vengeful ,fn_prefix,F
Khal,Trusted ,fn_prefix,F
Kier,Fickle ,fn_prefix,F
Kol,Hurt ,fn_prefix,F
Kul,Strict ,fn_prefix,F
Kyo,Dangerous ,fn_prefix,F
Lael,Steel ,fn_prefix,F
Lal,New ,fn_prefix,F
Lar,Imperious ,fn_prefix,F
LiNeer,Mythical ,fn_prefix,F
Lird,Baseborn ,fn_prefix,F
Lua,Bright ,fn_prefix,F
Mae,Hardened ,fn_prefix,F
Mal,Mysterious ,fn_prefix,F
May,Beautiful ,fn_prefix,F
Micar,Lost ,fn_prefix,F
Min,Second ,fn_prefix,F
Mol,Menacing ,fn_prefix,F
Myr,Skeletal ,fn_prefix,F
Nal,Brutal ,fn_prefix,F
Nara,Wealthy ,fn_prefix,F
Nath,Doomed ,fn_prefix,F
Nau,Exiled ,fn_prefix,F
Ned,Cunning ,fn_prefix,F
Neer,Persistent ,fn_prefix,F
Nhil,Fearful ,fn_prefix,F
Null,Howling ,fn_prefix,F
Nyl,Jeweled ,fn_prefix,F
Ob,Silver ,fn_prefix,F
Ogg,Distrusted ,fn_prefix,F
Olor,Marked ,fn_prefix,F
Orn,Enchanted ,fn_prefix,F
Pellan,Cutting ,fn_prefix,F
Pera,Calamitous ,fn_prefix,F
Pha,Scarred ,fn_prefix,F
Pha,Eloquent ,fn_prefix,F
Phaer,Honored ,fn_prefix,F
Phin,Vile ,fn_prefix,F
Pho,Impetuous ,fn_prefix,F
Phyr,Blessed ,fn_prefix,F
Plynn,Thieving ,fn_prefix,F
Qil,Hated ,fn_prefix,F
Qualn,Rising ,fn_prefix,F
Quar,Commanding ,fn_prefix,F
Quav,Trusted ,fn_prefix,F
Quel,Brave ,fn_prefix,F
Quen,Regal ,fn_prefix,F
Quii,Scheming ,fn_prefix,F
Rae,Alluring ,fn_prefix,F
Rath,Established ,fn_prefix,F
Rauv,Grand ,fn_prefix,F
Rel,Resilient ,fn_prefix,F
Riv,Inferior ,fn_prefix,F
Ryl,Foretold ,fn_prefix,F
Sab,Grave ,fn_prefix,F
Sal,Vicious ,fn_prefix,F
Sara,Opportunistic ,fn_prefix,F
Sav,Mischievous ,fn_prefix,F
Sbat,Amber ,fn_prefix,F
Sen,Masked ,fn_prefix,F
Shazu,Half-Breed ,fn_prefix,F
She,Envious ,fn_prefix,F
Shi'n,Young ,fn_prefix,F
Shri,Silent ,fn_prefix,F
Shur,Dagger ,fn_prefix,F
Shynt,Invisible ,fn_prefix,F
Sin,Pleasured ,fn_prefix,F
Ssap,Midnight ,fn_prefix,F
Susp,Learned ,fn_prefix,F
Suss,Light ,fn_prefix,F
Szar,Calm ,fn_prefix,F
T'riss,Sharp ,fn_prefix,F
Taga,Awakened ,fn_prefix,F
Tal,Gullible ,fn_prefix,F
Talab,Fire ,fn_prefix,F
Telan,Enticing ,fn_prefix,F
Thal,Diplomatic ,fn_prefix,F
Thia,Singing ,fn_prefix,F
Tin,Steadfast ,fn_prefix,F
Triel,Bat ,fn_prefix,F
Ulna,Persuasive ,fn_prefix,F
Ulvir,Treasured ,fn_prefix,F
Umrae,Ardent ,fn_prefix,F
Us,Lone ,fn_prefix,F
Usstan,Arrogant ,fn_prefix,F
Vas,Blood ,fn_prefix,F
Vel,Invisible ,fn_prefix,F
Vest,Intoxicated ,fn_prefix,F
Vic,Profound ,fn_prefix,F
Vier,Dark ,fn_prefix,F
Vlon,Bold ,fn_prefix,F
Wael,Mad ,fn_prefix,F
Waer,Deep ,fn_prefix,F
Wuyon,Trivial ,fn_prefix,F
Xan,Strategic ,fn_prefix,F
Xelu,Desired ,fn_prefix,F
Xi,Favored ,fn_prefix,F
Xin,Bound ,fn_prefix,F
Xull,Blooded ,fn_prefix,F
Xun,Demon ,fn_prefix,F
Xurn,Resourceful ,fn_prefix,F
Yas,Web ,fn_prefix,F
Yath,Devoted ,fn_prefix,F
Yv,Twin ,fn_prefix,F
Zar,Shadow ,fn_prefix,F
Zebey,Mighty ,fn_prefix,F
Zes,Respected ,fn_prefix,F
Zhaun,Insightful ,fn_prefix,F
Zilv,Forgotten ,fn_prefix,F
a,Destruction ,fn_middle,F
ace,Savant ,fn_middle,F
ae,Dance ,fn_middle,F
aer,Blood ,fn_middle,F
aeth,Luxury ,fn_middle,F
bryn,Assassin ,fn_middle,F
da,Trickster ,fn_middle,F
dia,Rogue ,fn_middle,F
dra,Lover ,fn_middle,F
draun,Word ,fn_middle,F
dril,Knight ,fn_middle,F
dryn,Domain ,fn_middle,F
e,Vassal ,fn_middle,F
ess,Paradise ,fn_middle,F
eyl,Archer ,fn_middle,F
ffyn,Minstrel ,fn_middle,F
fryn,Champion ,fn_middle,F
hyrr,Illusion ,fn_middle,F
i,,fn_middle,F
ice,Obsession ,fn_middle,F
jra,Beast ,fn_middle,F
jss,Stalker ,fn_middle,F
lay,Flight ,fn_middle,F
less,Barrier ,fn_middle,F
lin,Commander ,fn_middle,F
linth,Genius ,fn_middle,F
lith,Executioner ,fn_middle,F
loth,Blackness ,fn_middle,F
lur,Superior ,fn_middle,F
lyss,Cruelty ,fn_middle,F
mice,Bones ,fn_middle,F
mur'ss,Spy ,fn_middle,F
na,Ghost ,fn_middle,F
nath,Conjurer ,fn_middle,F
nei,Wish ,fn_middle,F
niss,Gambler ,fn_middle,F
o,,fn_middle,F
ra,Prey ,fn_middle,F
rae,Seeker ,fn_middle,F
raum,Weaver ,fn_middle,F
raun,Destiny ,fn_middle,F
ress,Opponent ,fn_middle,F
reth,Strategist ,fn_middle,F
rigg,Greed ,fn_middle,F
ril,Outlaw ,fn_middle,F
rimm,Inspiration ,fn_middle,F
rin,Achievement ,fn_middle,F
rith,Protector ,fn_middle,F
roth,Hive ,fn_middle,F
ryne,Scheme ,fn_middle,F
set,Wrath ,fn_middle,F
shin,Luck ,fn_middle,F
sine,Ecstasy ,fn_middle,F
stin,Clan ,fn_middle,F
syn,Sadist ,fn_middle,F
thel,Scion ,fn_middle,F
thiir,Victim ,fn_middle,F
thrae,Seducer ,fn_middle,F
thrine,Defense ,fn_middle,F
tree,Exile ,fn_middle,F
tyrr,Poisoner ,fn_middle,F
u,,fn_middle,F
ue,Artisan ,fn_middle,F
va,Honor ,fn_middle,F
ve,Coward ,fn_middle,F
vil,Waste ,fn_middle,F
vin,Playmate ,fn_middle,F
vyll,Punishment ,fn_middle,F
wae,Heir ,fn_middle,F
wyss,Battle ,fn_middle,F
xae,Scepter ,fn_middle,F
y,,fn_middle,F
yl,Drow ,fn_middle,F
yrr,Wielder ,fn_middle,F
za,Scorpion ,fn_middle,F
zheel,Truce ,fn_middle,F
zild,Force ,fn_middle,F
zyl,Will ,fn_middle,F
zyne,Hunter ,fn_middle,F
a,Destruction ,fn_suffix,F
aca,Expert ,fn_suffix,F
ace,Savant ,fn_suffix,F
ae,Dance ,fn_suffix,F
aer,Blood ,fn_suffix,F
aerie,Fantasy ,fn_suffix,F
aeth,Luxury ,fn_suffix,F
afae,Slayer ,fn_suffix,F
afay,Seer ,fn_suffix,F
ala,Priestess ,fn_suffix,F
ali,Trap ,fn_suffix,F
anna,Advisor ,fn_suffix,F
arra,Queen ,fn_suffix,F
aryn,Thoughts ,fn_suffix,F
asha,Courage ,fn_suffix,F
aste,Bearer ,fn_suffix,F
avin,Guardian ,fn_suffix,F
ayne,Lunatic ,fn_suffix,F
berra,Path ,fn_suffix,F
breena,Ruler ,fn_suffix,F
bryn,Assassin ,fn_suffix,F
cyrl,Ally ,fn_suffix,F
da,Trickster ,fn_suffix,F
deirra,Spell ,fn_suffix,F
dene,Demon ,fn_suffix,F
dia,Rogue ,fn_suffix,F
diira,Sister ,fn_suffix,F
dra,Lover ,fn_suffix,F
draun,Word ,fn_suffix,F
dreza,Howl ,fn_suffix,F
driira,Mother ,fn_suffix,F
dril,Knight ,fn_suffix,F
droia,Creature ,fn_suffix,F
dryn,Domain ,fn_suffix,F
e,Vassal ,fn_suffix,F
eari,Patron ,fn_suffix,F
ellar,House ,fn_suffix,F
ess,vassal ,fn_suffix,F
eyl,Archer ,fn_suffix,F
ffyn,Minstrel ,fn_suffix,F
fryn,Champion ,fn_suffix,F
hea,Gem ,fn_suffix,F
hyrr,Illusion ,fn_suffix,F
i,,fn_suffix,F
iara,Lady ,fn_suffix,F
ice,Obsession ,fn_suffix,F
idil,Maker ,fn_suffix,F
iira,Harbinger ,fn_suffix,F
ila,Accomplishment ,fn_suffix,F
inidia,Secret ,fn_suffix,F
inil,Rider ,fn_suffix,F
intra,Prophet ,fn_suffix,F
isstra,Apprentice ,fn_suffix,F
iszin,Thief ,fn_suffix,F
ithra,Dragon ,fn_suffix,F
jra,Beast ,fn_suffix,F
jss,Stalker ,fn_suffix,F
kacha,Beauty ,fn_suffix,F
kiira,Apostle ,fn_suffix,F
lara,Cynic ,fn_suffix,F
lay,Flight ,fn_suffix,F
less,Barrier ,fn_suffix,F
lin,Commander ,fn_suffix,F
linth,Genius ,fn_suffix,F
lith,Executioner ,fn_suffix,F
lochar,Messenger ,fn_suffix,F
loth,Blackness ,fn_suffix,F
lur,Superior ,fn_suffix,F
lyss,Cruelty ,fn_suffix,F
mice,Bones ,fn_suffix,F
mur'ss,Spy ,fn_suffix,F
na,Ghost ,fn_suffix,F
nala,Ruse ,fn_suffix,F
nara,Elegance ,fn_suffix,F
nath,Conjurer ,fn_suffix,F
natha,Soul ,fn_suffix,F
nei,Wish ,fn_suffix,F
nilee,Disease ,fn_suffix,F
niss,Gambler ,fn_suffix,F
nitra,Armor ,fn_suffix,F
noa,Desolation ,fn_suffix,F
nolu,Artist ,fn_suffix,F
nothra,Serpent ,fn_suffix,F
olin,Lust ,fn_suffix,F
onia,Staff ,fn_suffix,F
oyss,Judge ,fn_suffix,F
qualyn,Kin ,fn_suffix,F
quarra,Legion ,fn_suffix,F
quiri,Aura ,fn_suffix,F
ra,Prey ,fn_suffix,F
rae,Seeker ,fn_suffix,F
raema,Fist ,fn_suffix,F
raena,Reign ,fn_suffix,F
raum,Weaver ,fn_suffix,F
raun,Destiny ,fn_suffix,F
raya,Conspirator ,fn_suffix,F
ress,Opponent ,fn_suffix,F
reth,Strategist ,fn_suffix,F
rickla,Joke ,fn_suffix,F
riel,Madness ,fn_suffix,F
rigg,Greed ,fn_suffix,F
riia,Tempest ,fn_suffix,F
riina,Spellcaster ,fn_suffix,F
ril,Outlaw ,fn_suffix,F
rimm,Inspiration ,fn_suffix,F
rin,Achievement ,fn_suffix,F
rith,Protector ,fn_suffix,F
roth,Hive ,fn_suffix,F
ryna,Mercenary ,fn_suffix,F
ryne,Scheme ,fn_suffix,F
set,Wrath ,fn_suffix,F
shalee,Watcher ,fn_suffix,F
shin,Luck ,fn_suffix,F
sine,Ecstasy ,fn_suffix,F
ssinis,Sinister ,fn_suffix,F
ssysn,Artifact ,fn_suffix,F
stin,Clan ,fn_suffix,F
stra,Spider ,fn_suffix,F
streea,Daredevil ,fn_suffix,F
syn,Sadist ,fn_suffix,F
tana,Prowler ,fn_suffix,F
thara,Rune ,fn_suffix,F
thel,Scion ,fn_suffix,F
thiir,Victim ,fn_suffix,F
thrae,Seducer ,fn_suffix,F
thrine,Defense ,fn_suffix,F
tree,Exile ,fn_suffix,F
tyrr,Poisoner ,fn_suffix,F
ual,Strider ,fn_suffix,F
ue,Artisan ,fn_suffix,F
uit,Voice ,fn_suffix,F
une,Oracle ,fn_suffix,F
uque,Tunnel ,fn_suffix,F
urra,Wanderer ,fn_suffix,F
va,Honor ,fn_suffix,F
vayas,Smith ,fn_suffix,F
ve,Coward ,fn_suffix,F
vil,Waste ,fn_suffix,F
vin,Playmate ,fn_suffix,F
vyll,Punishment ,fn_suffix,F
vyrae,Mistress ,fn_suffix,F
wae,Heir ,fn_suffix,F
wiira,Steward ,fn_suffix,F
wyss,Battle ,fn_suffix,F
xae,Scepter ,fn_suffix,F
xena,Jewel ,fn_suffix,F
xyra,Sage ,fn_suffix,F
yalla,Youth ,fn_suffix,F
yanna,Siren ,fn_suffix,F
yl,Drow ,fn_suffix,F
ylene,Handmaiden ,fn_suffix,F
ymma,Dancer ,fn_suffix,F
ynda,Captain ,fn_suffix,F
ynrae,Heretic ,fn_suffix,F
yrae,Architect ,fn_suffix,F
yrr,Wielder ,fn_suffix,F
za,Scorpion ,fn_suffix,F
zheel,Truce ,fn_suffix,F
zild,Force ,fn_suffix,F
zyl,Will ,fn_suffix,F
zyne,Hunter ,fn_suffix,F
Adin,Beastly ,fn_prefix,M
Alak,Best ,fn_prefix,M
Alton,Powerful ,fn_prefix,M
Amal,Divine ,fn_prefix,M
Ant,Deathly ,fn_prefix,M
Araj,Vengeful ,fn_prefix,M
Bar,Fated ,fn_prefix,M
Bauth,Way ,fn_prefix,M
Bel,Burning ,fn_prefix,M
Berg,Graceful ,fn_prefix,M
Bhin,Sly ,fn_prefix,M
Bol,Golden ,fn_prefix,M
Bruh,Arrow ,fn_prefix,M
Caer,Jeweled ,fn_prefix,M
Cal,Noble ,fn_prefix,M
Chasz,Earthy ,fn_prefix,M
Chaul,Secret ,fn_prefix,M
Chel,Poison ,fn_prefix,M
Col,Established ,fn_prefix,M
Dan,Seductive ,fn_prefix,M
Dhaun,Infested ,fn_prefix,M
Din,Berserk ,fn_prefix,M
Dip,Baleful ,fn_prefix,M
Div,Dream ,fn_prefix,M
Dosst,Possessed ,fn_prefix,M
Draa,Twofold ,fn_prefix,M
Dragh,Void ,fn_prefix,M
Driz,Relentless ,fn_prefix,M
Dro,Living ,fn_prefix,M
Droc,Arrogant ,fn_prefix,M
Duag,Warded ,fn_prefix,M
Duk,Vicious ,fn_prefix,M
Dur,Cold ,fn_prefix,M
Elam,Enduring ,fn_prefix,M
Elaug,Magical ,fn_prefix,M
Elgg,Fearful ,fn_prefix,M
Elk,Chaos ,fn_prefix,M
Erag,Strange ,fn_prefix,M
Erth,Resolute ,fn_prefix,M
Fil,Pale ,fn_prefix,M
Fyr,Ardent ,fn_prefix,M
G'eld,Ominous ,fn_prefix,M
Gare,Ember ,fn_prefix,M
Gel,Ambitious ,fn_prefix,M
Ghol,Resourceful ,fn_prefix,M
Ghor,Calm ,fn_prefix,M
Ghuan,Accursed ,fn_prefix,M
Go,Menacing ,fn_prefix,M
Golo,Thricefold ,fn_prefix,M
Gul,Spectral ,fn_prefix,M
Harl,Inferior ,fn_prefix,M
Harn,First ,fn_prefix,M
Has,Strategic ,fn_prefix,M
Hatch,Determined ,fn_prefix,M
Hong,Fearless ,fn_prefix,M
Hor,Strong ,fn_prefix,M
Hurz,Faith ,fn_prefix,M
Ib,Vile ,fn_prefix,M
Iim,Spirited ,fn_prefix,M
Il,Greedy ,fn_prefix,M
Ilin,Obsessed ,fn_prefix,M
Ilph,Emerald ,fn_prefix,M
Ilzt,Mystical ,fn_prefix,M
Im,Devoted ,fn_prefix,M
Ist,Endless ,fn_prefix,M
Izil,Intricate ,fn_prefix,M
Izz,Hidden ,fn_prefix,M
Jaez,Alluring ,fn_prefix,M
Jal,Commanding ,fn_prefix,M
Jar,Charmed ,fn_prefix,M
Jiv,Singing ,fn_prefix,M
Kalan,Skillful ,fn_prefix,M
Kar,Teeming ,fn_prefix,M
Kel,Legendary ,fn_prefix,M
Khal,Trusted ,fn_prefix,M
Khaz,Awakened ,fn_prefix,M
Kin,Careful ,fn_prefix,M
Kol,Hurt ,fn_prefix,M
Kren,Young ,fn_prefix,M
Kron,Sick ,fn_prefix,M
Kul,Strict ,fn_prefix,M
Les,Imperious ,fn_prefix,M
Llt,Steel ,fn_prefix,M
Lu,Exiled ,fn_prefix,M
Lyme,Bright ,fn_prefix,M
Mag,Lone ,fn_prefix,M
Malag,Mysterious ,fn_prefix,M
Mas,Beautiful ,fn_prefix,M
Menzo,Guided ,fn_prefix,M
Mer,Doomed ,fn_prefix,M
Micar,Lost ,fn_prefix,M
Moc,Highest ,fn_prefix,M
Mourn,Mythical ,fn_prefix,M
Nad,Cunning ,fn_prefix,M
Nal,Brutal ,fn_prefix,M
Neer,Persistent ,fn_prefix,M
Nil,Howling ,fn_prefix,M
Nym,Skeletal ,fn_prefix,M
Ob,Silver ,fn_prefix,M
Ogg,Distrusted ,fn_prefix,M
Omar,Marked ,fn_prefix,M
Orgoll,Dread ,fn_prefix,M
Orm,Insightful ,fn_prefix,M
Parz,Amusing ,fn_prefix,M
Phal,Scarred ,fn_prefix,M
Phar,Treacherous ,fn_prefix,M
Pho,Impetuous ,fn_prefix,M
Phyx,Blessed ,fn_prefix,M
Plynn,Thieving ,fn_prefix,M
Qual,Rising ,fn_prefix,M
Quel,Brave ,fn_prefix,M
Quev,Trusted ,fn_prefix,M
Quii,Scheming ,fn_prefix,M
Quil,Hated ,fn_prefix,M
Ran,Second ,fn_prefix,M
Rel,Resilient ,fn_prefix,M
Relon,Cutting ,fn_prefix,M
Rhyl,Moon ,fn_prefix,M
Rik,Spellbound ,fn_prefix,M
Riz,Ashen ,fn_prefix,M
Ryl,Foretold ,fn_prefix,M
Ryld,Baseborn ,fn_prefix,M
Rylu,Patient ,fn_prefix,M
Sarn,Dangerous ,fn_prefix,M
Sav,Mischievous ,fn_prefix,M
Sca,Superior ,fn_prefix,M
Selds,Oathbound ,fn_prefix,M
Shar,Dagger ,fn_prefix,M
Shav,Envious ,fn_prefix,M
Shazu,Half-Breed ,fn_prefix,M
Shynt,Invisible ,fn_prefix,M
Sol,Deft ,fn_prefix,M
Sorn,Enchanted ,fn_prefix,M
Spir,Learned ,fn_prefix,M
Ssz,Silent ,fn_prefix,M
Suss,Light ,fn_prefix,M
Szin,Pleasured ,fn_prefix,M
Szor,Amber ,fn_prefix,M
Talen,Fickle ,fn_prefix,M
Tar,Gullible ,fn_prefix,M
Tath,Midnight ,fn_prefix,M
Taz,Bat ,fn_prefix,M
Teb,Sharp ,fn_prefix,M
Telan,Enticing ,fn_prefix,M
Thal,Diplomatic ,fn_prefix,M
Thos,Bound ,fn_prefix,M
Tin,Steadfast ,fn_prefix,M
Tluth,Fire ,fn_prefix,M
Tsab,Grave ,fn_prefix,M
Uhls,Treasured ,fn_prefix,M
Ult,Victorious ,fn_prefix,M
Url,Blooded ,fn_prefix,M
Val,Dark ,fn_prefix,M
Vel,Invisible ,fn_prefix,M
Vest,Intoxicated ,fn_prefix,M
Vesz,Blood ,fn_prefix,M
Vhae,Masked ,fn_prefix,M
Vic,Profound ,fn_prefix,M
Vid,Persuasive ,fn_prefix,M
Vize,Student ,fn_prefix,M
Vorn,Honored ,fn_prefix,M
Vuz,Forgotten ,fn_prefix,M
Wehl,Deep ,fn_prefix,M
Welv,Grand ,fn_prefix,M
Wod,Bold ,fn_prefix,M
Wruz,Trivial ,fn_prefix,M
Xal,Possible ,fn_prefix,M
Xelu,Desired ,fn_prefix,M
Xorl,Majestic ,fn_prefix,M
Xun,Demon ,fn_prefix,M
Yaz,Web ,fn_prefix,M
Yorn,Calamitous ,fn_prefix,M
Yv,Twin ,fn_prefix,M
Yyrr,New ,fn_prefix,M
Zakn,Shadow ,fn_prefix,M
Zau,Scorned ,fn_prefix,M
Zed,Favored ,fn_prefix,M
Zek,Mighty ,fn_prefix,M
Zsz,Respected ,fn_prefix,M
a,Destruction ,fn_middle,M
aeth,Luxury ,fn_middle,M
agh,Destruction ,fn_middle,M
al,Lunatic ,fn_middle,M
as,Savant ,fn_middle,M
aun,Dance ,fn_middle,M
ban,Joke ,fn_middle,M
buk,Force ,fn_middle,M
d,Blood ,fn_middle,M
daal,Word ,fn_middle,M
daer,Trickster ,fn_middle,M
dan,Strider ,fn_middle,M
dar,Voice ,fn_middle,M
dax,Wanderer ,fn_middle,M
diin,Oracle ,fn_middle,M
diirn,Brother ,fn_middle,M
dith,Victim ,fn_middle,M
dor,Artisan ,fn_middle,M
dorl,Knight ,fn_middle,M
drin,Rogue ,fn_middle,M
dyn,Flight ,fn_middle,M
e,Vassal ,fn_middle,M
eal,Fantasy ,fn_middle,M
ente,Gem ,fn_middle,M
erd,Patron ,fn_middle,M
eth,Obsession ,fn_middle,M
eyl,Archer ,fn_middle,M
fein,Minstrel ,fn_middle,M
fryn,Champion ,fn_middle,M
gloth,Walker ,fn_middle,M
gos,Beast ,fn_middle,M
guin,Promise ,fn_middle,M
hin,Accomplishment ,fn_middle,M
hrae,Heir ,fn_middle,M
hrys,Battle ,fn_middle,M
i,,fn_middle,M
in,Rider ,fn_middle,M
inn,Ecstasy ,fn_middle,M
jss,Stalker ,fn_middle,M
kah,Beauty ,fn_middle,M
kyn,Luck ,fn_middle,M
lath,Strategist ,fn_middle,M
lin,Commander ,fn_middle,M
lorn,Paradise ,fn_middle,M
lust,Desolation ,fn_middle,M
lyn,Assassin ,fn_middle,M
mis,Expert ,fn_middle,M
mur'ss,Spy ,fn_middle,M
mus,Conjurer ,fn_middle,M
muth,Blackness ,fn_middle,M
myr,Bones ,fn_middle,M
nar,Ghost ,fn_middle,M
net,Legion ,fn_middle,M
nin,Ruse ,fn_middle,M
nozz,Gambler ,fn_middle,M
o,,fn_middle,M
oj,Aura ,fn_middle,M
olg,Seducer ,fn_middle,M
olin,Lust ,fn_middle,M
omph,Judge ,fn_middle,M
or,Prey ,fn_middle,M
orl,Genius ,fn_middle,M
oyn,Mercenary ,fn_middle,M
phul,Secret ,fn_middle,M
raen,Apostle ,fn_middle,M
rak,Tempest ,fn_middle,M
ral,Watcher ,fn_middle,M
rar,Seeker ,fn_middle,M
raum,Weaver ,fn_middle,M
ree,Spellcaster ,fn_middle,M
rigg,Greed ,fn_middle,M
ril,Outlaw ,fn_middle,M
rimm,Inspiration ,fn_middle,M
rimo,Blade ,fn_middle,M
rith,Protector ,fn_middle,M
rorn,Spell ,fn_middle,M
roth,Hive ,fn_middle,M
ryn,Scheme ,fn_middle,M
sargh,Courage ,fn_middle,M
set,Wrath ,fn_middle,M
sul,Barrier ,fn_middle,M
syn,Sadist ,fn_middle,M
tak,Executioner ,fn_middle,M
tan,Coward ,fn_middle,M
tar,Rune ,fn_middle,M
tel,Exile ,fn_middle,M
thae,Defense ,fn_middle,M
thaer,Sight ,fn_middle,M
thel,Scion ,fn_middle,M
then,Host ,fn_middle,M
thigg,Truce ,fn_middle,M
ton,Prowler ,fn_middle,M
tos,Illusion ,fn_middle,M
tran,Spider ,fn_middle,M
trin,Clan ,fn_middle,M
tyrr,Poisoner ,fn_middle,M
u,,fn_middle,M
ven,Honor ,fn_middle,M
vil,Waste ,fn_middle,M
vyll,Punishment ,fn_middle,M
vyr,Master ,fn_middle,M
xund,Achievement ,fn_middle,M
y,,fn_middle,M
yl,Drow ,fn_middle,M
yln,Squire ,fn_middle,M
yrd,Captain ,fn_middle,M
yrr,Wielder ,fn_middle,M
zaer,Scepter ,fn_middle,M
zar,Lover ,fn_middle,M
zen,Jewel ,fn_middle,M
ziir,Creature ,fn_middle,M
zt,Hunter ,fn_middle,M
zyl,Will ,fn_middle,M
zyr,Sage ,fn_middle,M
aeth,Luxury ,fn_suffix,M
afein,Slayer ,fn_suffix,M
agar,Discovery ,fn_suffix,M
agh,Destruction ,fn_suffix,M
aghar,Cynic ,fn_suffix,M
agol,Soul ,fn_suffix,M
akti,Domain ,fn_suffix,M
al,Lunatic ,fn_suffix,M
antar,Ruler ,fn_suffix,M
aonar,Guardian ,fn_suffix,M
arrin,Warrior ,fn_suffix,M
aryn,Thoughts ,fn_suffix,M
as,Savant ,fn_suffix,M
asan,Wish ,fn_suffix,M
aste,Bearer ,fn_suffix,M
atar,Prince ,fn_suffix,M
atlab,Apprentice ,fn_suffix,M
aufein,Seer ,fn_suffix,M
aun,Dance ,fn_suffix,M
axle,Ally ,fn_suffix,M
azzt,Trap ,fn_suffix,M
ban,Joke ,fn_suffix,M
brezu,Demon ,fn_suffix,M
buk,Force ,fn_suffix,M
ceri,Daredevil ,fn_suffix,M
d,Blood ,fn_suffix,M
daal,Word ,fn_suffix,M
daer,Trickster ,fn_suffix,M
dan,Strider ,fn_suffix,M
dar,Voice ,fn_suffix,M
dax,Wanderer ,fn_suffix,M
diin,Oracle ,fn_suffix,M
diirn,Brother ,fn_suffix,M
dith,Victim ,fn_suffix,M
dor,Artisan ,fn_suffix,M
dorl,Knight ,fn_suffix,M
driirn,Father ,fn_suffix,M
drin,Rogue ,fn_suffix,M
dyn,Flight ,fn_suffix,M
e,Vassal ,fn_suffix,M
eal,Fantasy ,fn_suffix,M
ellar,House ,fn_suffix,M
ente,Gem ,fn_suffix,M
erd,Patron ,fn_suffix,M
erin,Advisor ,fn_suffix,M
eth,Obsession ,fn_suffix,M
eyl,Archer ,fn_suffix,M
fein,Minstrel ,fn_suffix,M
fryn,Champion ,fn_suffix,M
gloth,Walker ,fn_suffix,M
gos,Beast ,fn_suffix,M
guin,Promise ,fn_suffix,M
hin,Accomplishment ,fn_suffix,M
hrae,Heir ,fn_suffix,M
hriir,Steward ,fn_suffix,M
hrys,Battle ,fn_suffix,M
i,,fn_suffix,M
iamo,Playmate ,fn_suffix,M
iar,Lord ,fn_suffix,M
imar,Maker ,fn_suffix,M
in,Rider ,fn_suffix,M
inid,Harbinger ,fn_suffix,M
inn,Ecstasy ,fn_suffix,M
intra,Prophet ,fn_suffix,M
inyon,Dancer ,fn_suffix,M
ios,Superior ,fn_suffix,M
irahc,Dragon ,fn_suffix,M
jss,Stalker ,fn_suffix,M
kah,Beauty ,fn_suffix,M
kyn,Luck ,fn_suffix,M
lath,Strategist ,fn_suffix,M
launim,Priest ,fn_suffix,M
lenti,Serpent ,fn_suffix,M
lin,Commander ,fn_suffix,M
lochar,Messenger ,fn_suffix,M
lorn,Paradise ,fn_suffix,M
loro,Cruelty ,fn_suffix,M
lust,Desolation ,fn_suffix,M
lyn,Assassin ,fn_suffix,M
mis,Expert ,fn_suffix,M
mur'ss,Spy ,fn_suffix,M
mus,Conjurer ,fn_suffix,M
muth,Blackness ,fn_suffix,M
myr,Bones ,fn_suffix,M
nar,Ghost ,fn_suffix,M
net,Armor ,fn_suffix,M
nin,Ruse ,fn_suffix,M
nolu,Artist ,fn_suffix,M
nozz,Gambler ,fn_suffix,M
o,,fn_suffix,M
oj,Aura ,fn_suffix,M
olg,Seducer ,fn_suffix,M
olil,Disease ,fn_suffix,M
olin,Lust ,fn_suffix,M
olvir,Conspirator ,fn_suffix,M
omph,Judge ,fn_suffix,M
onim,Staff ,fn_suffix,M
onnel,Foe ,fn_suffix,M
or,Prey ,fn_suffix,M
orl,Genius ,fn_suffix,M
orvir,Fist ,fn_suffix,M
oyn,Mercenary ,fn_suffix,M
phul,Secret ,fn_suffix,M
qualyn,Kin ,fn_suffix,M
raen,Apostle ,fn_suffix,M
rak,Tempest ,fn_suffix,M
ral,Watcher ,fn_suffix,M
rar,Seeker ,fn_suffix,M
raum,Weaver ,fn_suffix,M
ree,Spellcaster ,fn_suffix,M
ressen,Opponent ,fn_suffix,M
rigg,Greed ,fn_suffix,M
ril,Outlaw ,fn_suffix,M
rimm,Inspiration ,fn_suffix,M
rimo,Blade ,fn_suffix,M
rith,Protector ,fn_suffix,M
rorn,Spell ,fn_suffix,M
roth,Hive ,fn_suffix,M
ryn,Scheme ,fn_suffix,M
rysn,Artifact ,fn_suffix,M
sargh,Courage ,fn_suffix,M
saruk,Leader ,fn_suffix,M
set,Wrath ,fn_suffix,M
ssinis,Sinister ,fn_suffix,M
sul,Barrier ,fn_suffix,M
syn,Sadist ,fn_suffix,M
tak,Executioner ,fn_suffix,M
tan,Coward ,fn_suffix,M
tar,Rune ,fn_suffix,M
tel,Exile ,fn_suffix,M
thae,Defense ,fn_suffix,M
thaer,Sight ,fn_suffix,M
thel,Scion ,fn_suffix,M
then,Host ,fn_suffix,M
thigg,Truce ,fn_suffix,M
ton,Prowler ,fn_suffix,M
tos,Illusion ,fn_suffix,M
tran,Spider ,fn_suffix,M
trin,Clan ,fn_suffix,M
tyrr,Poisoner ,fn_suffix,M
u,,fn_suffix,M
ulan,Thief ,fn_suffix,M
uque,Tunnel ,fn_suffix,M
vayas,Smith ,fn_suffix,M
ven,Honor ,fn_suffix,M
vil,Waste ,fn_suffix,M
vyll,Punishment ,fn_suffix,M
vyr,Master ,fn_suffix,M
xund,Achievement ,fn_suffix,M
yl,Drow ,fn_suffix,M
yln,Squire ,fn_suffix,M
yrae,Architect ,fn_suffix,M
yraen,Heretic ,fn_suffix,M
yrd,Captain ,fn_suffix,M
yrr,Wielder ,fn_suffix,M
zaer,Scepter ,fn_suffix,M
zar,Lover ,fn_suffix,M
zen,Jewel ,fn_suffix,M
ziir,Creature ,fn_suffix,M
zt,Hunter ,fn_suffix,M
zyl,Will ,fn_suffix,M
zyr,Sage ,fn_suffix,M
Bauth,Way ,fn_prefix,N
Cel,Ember ,fn_prefix,N
Chel,Poison ,fn_prefix,N
Dan,Seductive ,fn_prefix,N
Dhaun,Infested ,fn_prefix,N
Dosst,Possessed ,fn_prefix,N
Draa,Twofold ,fn_prefix,N
Dro,Living ,fn_prefix,N
G'eld,Ominous ,fn_prefix,N
Ghuan,Accursed ,fn_prefix,N
Hor,Strong ,fn_prefix,N
Iim,Spirited ,fn_prefix,N
Il,Greedy ,fn_prefix,N
Ilin,Obsessed ,fn_prefix,N
Ilph,Emerald ,fn_prefix,N
Izil,Intricate ,fn_prefix,N
Kar,Teeming ,fn_prefix,N
Khal,Trusted ,fn_prefix,N
Kol,Hurt ,fn_prefix,N
Kul,Strict ,fn_prefix,N
Micar,Lost ,fn_prefix,N
Nal,Brutal ,fn_prefix,N
Neer,Persistent ,fn_prefix,N
Ob,Silver ,fn_prefix,N
Ogg,Distrusted ,fn_prefix,N
Pha,Eloquent ,fn_prefix,N
Pho,Impetuous ,fn_prefix,N
Plynn,Thieving ,fn_prefix,N
Quel,Brave ,fn_prefix,N
Quii,Scheming ,fn_prefix,N
Rel,Resilient ,fn_prefix,N
Ryl,Foretold ,fn_prefix,N
Sav,Mischievous ,fn_prefix,N
Shazu,Half-Breed ,fn_prefix,N
Shynt,Invisible ,fn_prefix,N
Suss,Light ,fn_prefix,N
Telan,Enticing ,fn_prefix,N
Thal,Diplomatic ,fn_prefix,N
Tin,Steadfast ,fn_prefix,N
Vel,Invisible ,fn_prefix,N
Vest,Intoxicated ,fn_prefix,N
Vic,Profound ,fn_prefix,N
Xelu,Desired ,fn_prefix,N
Xun,Demon ,fn_prefix,N
Yv,Twin ,fn_prefix,N
a,Destruction ,fn_middle,N
ace,Savant ,fn_middle,N
ae,Dance ,fn_middle,N
aer,Blood ,fn_middle,N
aeth,Luxury ,fn_middle,N
agh,Destruction ,fn_middle,N
al,Lunatic ,fn_middle,N
as,Savant ,fn_middle,N
aun,Dance ,fn_middle,N
ban,Joke ,fn_middle,N
bryn,Assassin ,fn_middle,N
buk,Force ,fn_middle,N
d,Blood ,fn_middle,N
da,Trickster ,fn_middle,N
daal,Word ,fn_middle,N
daer,Trickster ,fn_middle,N
dan,Strider ,fn_middle,N
dar,Voice ,fn_middle,N
dax,Wanderer ,fn_middle,N
dia,Rogue ,fn_middle,N
diin,Oracle ,fn_middle,N
diirn,Brother ,fn_middle,N
dith,Victim ,fn_middle,N
dor,Artisan ,fn_middle,N
dorl,Knight ,fn_middle,N
dra,Lover ,fn_middle,N
draun,Word ,fn_middle,N
dril,Knight ,fn_middle,N
drin,Rogue ,fn_middle,N
dryn,Domain ,fn_middle,N
dyn,Flight ,fn_middle,N
e,Vassal ,fn_middle,N
eal,Fantasy ,fn_middle,N
ente,Gem ,fn_middle,N
erd,Patron ,fn_middle,N
ess,Paradise ,fn_middle,N
eth,Obsession ,fn_middle,N
eyl,Archer ,fn_middle,N
fein,Minstrel ,fn_middle,N
ffyn,Minstrel ,fn_middle,N
fryn,Champion ,fn_middle,N
gloth,Walker ,fn_middle,N
gos,Beast ,fn_middle,N
guin,Promise ,fn_middle,N
hin,Accomplishment ,fn_middle,N
hrae,Heir ,fn_middle,N
hrys,Battle ,fn_middle,N
hyrr,Illusion ,fn_middle,N
i,,fn_middle,N
ice,Obsession ,fn_middle,N
in,Rider ,fn_middle,N
inn,Ecstasy ,fn_middle,N
jra,Beast ,fn_middle,N
jss,Stalker ,fn_middle,N
kah,Beauty ,fn_middle,N
kyn,Luck ,fn_middle,N
lath,Strategist ,fn_middle,N
lay,Flight ,fn_middle,N
less,Barrier ,fn_middle,N
lin,Commander ,fn_middle,N
linth,Genius ,fn_middle,N
lith,Executioner ,fn_middle,N
lorn,Paradise ,fn_middle,N
loth,Blackness ,fn_middle,N
lur,Superior ,fn_middle,N
lust,Desolation ,fn_middle,N
lyn,Assassin ,fn_middle,N
lyss,Cruelty ,fn_middle,N
mice,Bones ,fn_middle,N
mis,Expert ,fn_middle,N
mur'ss,Spy ,fn_middle,N
mus,Conjurer ,fn_middle,N
muth,Blackness ,fn_middle,N
myr,Bones ,fn_middle,N
na,Ghost ,fn_middle,N
nar,Ghost ,fn_middle,N
nath,Conjurer ,fn_middle,N
nei,Wish ,fn_middle,N
net,Legion ,fn_middle,N
nin,Ruse ,fn_middle,N
niss,Gambler ,fn_middle,N
nozz,Gambler ,fn_middle,N
o,,fn_middle,N
oj,Aura ,fn_middle,N
olg,Seducer ,fn_middle,N
olin,Lust ,fn_middle,N
omph,Judge ,fn_middle,N
or,Prey ,fn_middle,N
orl,Genius ,fn_middle,N
oyn,Mercenary ,fn_middle,N
phul,Secret ,fn_middle,N
ra,Prey ,fn_middle,N
rae,Seeker ,fn_middle,N
raen,Apostle ,fn_middle,N
rak,Tempest ,fn_middle,N
ral,Watcher ,fn_middle,N
rar,Seeker ,fn_middle,N
raum,Weaver ,fn_middle,N
raun,Destiny ,fn_middle,N
ree,Spellcaster ,fn_middle,N
ress,Opponent ,fn_middle,N
reth,Strategist ,fn_middle,N
rigg,Greed ,fn_middle,N
ril,Outlaw ,fn_middle,N
rimm,Inspiration ,fn_middle,N
rimo,Blade ,fn_middle,N
rin,Achievement ,fn_middle,N
rith,Protector ,fn_middle,N
rorn,Spell ,fn_middle,N
roth,Hive ,fn_middle,N
ryn,Scheme ,fn_middle,N
ryne,Scheme ,fn_middle,N
sargh,Courage ,fn_middle,N
set,Wrath ,fn_middle,N
shin,Luck ,fn_middle,N
sine,Ecstasy ,fn_middle,N
stin,Clan ,fn_middle,N
sul,Barrier ,fn_middle,N
syn,Sadist ,fn_middle,N
tak,Executioner ,fn_middle,N
tan,Coward ,fn_middle,N
tar,Rune ,fn_middle,N
tel,Exile ,fn_middle,N
thae,Defense ,fn_middle,N
thaer,Sight ,fn_middle,N
thel,Scion ,fn_middle,N
then,Host ,fn_middle,N
thigg,Truce ,fn_middle,N
thiir,Victim ,fn_middle,N
thrae,Seducer ,fn_middle,N
thrine,Defense ,fn_middle,N
ton,Prowler ,fn_middle,N
tos,Illusion ,fn_middle,N
tran,Spider ,fn_middle,N
tree,Exile ,fn_middle,N
trin,Clan ,fn_middle,N
tyrr,Poisoner ,fn_middle,N
u,,fn_middle,N
ue,Artisan ,fn_middle,N
va,Honor ,fn_middle,N
ve,Coward ,fn_middle,N
ven,Honor ,fn_middle,N
vil,Waste ,fn_middle,N
vin,Playmate ,fn_middle,N
vyll,Punishment ,fn_middle,N
vyr,Master ,fn_middle,N
wae,Heir ,fn_middle,N
wyss,Battle ,fn_middle,N
xae,Scepter ,fn_middle,N
xund,Achievement ,fn_middle,N
y,,fn_middle,N
yl,Drow ,fn_middle,N
yln,Squire ,fn_middle,N
yrd,Captain ,fn_middle,N
yrr,Wielder ,fn_middle,N
za,Scorpion ,fn_middle,N
zaer,Scepter ,fn_middle,N
zar,Lover ,fn_middle,N
zen,Jewel ,fn_middle,N
zheel,Truce ,fn_middle,N
ziir,Creature ,fn_middle,N
zild,Force ,fn_middle,N
zt,Hunter ,fn_middle,N
zyl,Will ,fn_middle,N
zyne,Hunter ,fn_middle,N
zyr,Sage ,fn_middle,N
aeth,Luxury ,fn_suffix,N
aryn,Thoughts ,fn_suffix,N
aste,Bearer ,fn_suffix,N
e,Vassal ,fn_suffix,N
ellar,House ,fn_suffix,N
eyl,Archer ,fn_suffix,N
fryn,Champion ,fn_suffix,N
i,,fn_suffix,N
intra,Prophet ,fn_suffix,N
jss,Stalker ,fn_suffix,N
lochar,Messenger ,fn_suffix,N
mur'ss,Spy ,fn_suffix,N
nolu,Artist ,fn_suffix,N
olin,Lust ,fn_suffix,N
qualyn,Kin ,fn_suffix,N
raum,Weaver ,fn_suffix,N
rigg,Greed ,fn_suffix,N
ril,Outlaw ,fn_suffix,N
rimm,Inspiration ,fn_suffix,N
rith,Protector ,fn_suffix,N
roth,Hive ,fn_suffix,N
set,Wrath ,fn_suffix,N
ssinis,Sinister ,fn_suffix,N
syn,Sadist ,fn_suffix,N
thel,Scion ,fn_suffix,N
tyrr,Poisoner ,fn_suffix,N
uque,Tunnel ,fn_suffix,N
vayas,Smith ,fn_suffix,N
vil,Waste ,fn_suffix,N
vyll,Punishment ,fn_suffix,N
yl,Drow ,fn_suffix,N
yrae,Architect ,fn_suffix,N
yrr,Wielder ,fn_suffix,N
zyl,Will ,fn_suffix,N
'Ust,the Firstborn ,fn_birth_order,N
'Uss,the Firstborn ,fn_birth_order,N
'Drada,the Secondborn ,fn_birth_order,N
'Draa,the Secondborn ,fn_birth_order,N
'Llar,the Thirdborn ,fn_birth_order,N
'Llarnbuss,the Thirdborn ,fn_birth_order,N
Ale,Traders in ,hn_prefix,N
Alean,the Noble Line of ,hn_prefix,N
Arab,Daughters of ,hn_prefix,N
Arken,Mages of ,hn_prefix,N
Auvry,Blood of the ,hn_prefix,N
Baen,Blessed by ,hn_prefix,N
Barri,Spawn of ,hn_prefix,N
Cice,Born of ,hn_prefix,N
Cladd,Warriors from ,hn_prefix,N
Dal,From ,hn_prefix,N
De,Champions of ,hn_prefix,N
Del,Of ,hn_prefix,N
Desp,Victors of ,hn_prefix,N
Do',Walkers in ,hn_prefix,N
Eils,Lands of ,hn_prefix,N
Everh,Caverns of ,hn_prefix,N
Fre,Friends to ,hn_prefix,N
Gode,Clan of ,hn_prefix,N
Helvi,Those Above ,hn_prefix,N
Hla,Seers of ,hn_prefix,N
Hun',Sisterhood of ,hn_prefix,N
Il,Masters of ,hn_prefix,N
Jab,Owners of ,hn_prefix,N
Ken,Sworn to ,hn_prefix,N
Kil,People of ,hn_prefix,N
Mae,Raiders from ,hn_prefix,N
Mel,Mothers of ,hn_prefix,N
My,Honored of ,hn_prefix,N
Noqu,Sacred to ,hn_prefix,N
Orly,Guild of ,hn_prefix,N
Oss,Bearers of ,hn_prefix,N
Ouss,Heirs to ,hn_prefix,N
Rilyn,House of ,hn_prefix,N
Shav,Servants of ,hn_prefix,N
Stri,Bones of ,hn_prefix,N
Teken',Delvers in ,hn_prefix,N
Thal,Advisors of ,hn_prefix,N
Tor,Mistresses of ,hn_prefix,N
Vi,Tenders of ,hn_prefix,N
Zau,Children of ,hn_prefix,N
afin,the Web ,hn_suffix,N
ana,the Night ,hn_suffix,N
ani,the Widow ,hn_suffix,N
ar,Poison ,hn_suffix,N
arn,Fire ,hn_suffix,N
ate,the Way ,hn_suffix,N
ath,the Dragons ,hn_suffix,N
cyx,the Garden ,hn_suffix,N
duis,the Whip ,hn_suffix,N
ellar,the Palace ,hn_suffix,N
ep,the Underdark ,hn_suffix,N
ervs,the Depths ,hn_suffix,N
ett,Magic ,hn_suffix,N
gar,the Unknown ,hn_suffix,N
ghym,the Forgotten Ways ,hn_suffix,N
hea,the Passage ,hn_suffix,N
inth,the Plan ,hn_suffix,N
iryn,History ,hn_suffix,N
luth,the Exiled ,hn_suffix,N
lyl,the Blade ,hn_suffix,N
mtor,the Abyss ,hn_suffix,N
muth,the Maze ,hn_suffix,N
ndar,Black Hearts ,hn_suffix,N
neld,the Arcane ,hn_suffix,N
qai,the Forge ,hn_suffix,N
rae,Fell Powers ,hn_suffix,N
rahel,the Gods ,hn_suffix,N
rak,the End ,hn_suffix,N
rimm,the Key ,hn_suffix,N
rret,the Void ,hn_suffix,N
sek,Adamantite ,hn_suffix,N
t'tar,Victory ,hn_suffix,N
th,Challenges ,hn_suffix,N
tlar,Mysteries ,hn_suffix,N
tral,the Battlefield ,hn_suffix,N
tyl,the Pits ,hn_suffix,N
und,the Spider's Kiss ,hn_suffix,N
urden,the Darkness ,hn_suffix,N
val,the Silken Weaver ,hn_suffix,N
vex,the Fall ,hn_suffix,N
viir,Dominance ,hn_suffix,N
vog,Corruption ,hn_suffix,N
zynge,the Ruins ,hn_suffix,N
Ust',Firstborn ,hn_birth_order,N
Uss',Firstborn ,hn_birth_order,N
Drada',Secondborn ,hn_birth_order,N
Draa',Secondborn ,hn_birth_order,N
Llar',Thirdborn ,hn_birth_order,N
Llarnbuss',Thirdborn ,hn_birth_order,N